{
  "steps": [
    128760,
    129360,
    129960,
    130560,
    131160,
    131760,
    132360,
    132960,
    133160
  ],
  "total_loss": [
    0.14126794040203094,
    0.14365381002426147,
    0.14928844571113586,
    0.14663532376289368,
    0.16438201069831848,
    0.16703857481479645,
    0.16309595108032227,
    0.15755383670330048,
    0.1727142035961151
  ],
  "align": [
    0.12123578786849976,
    0.12369035929441452,
    0.12927290797233582,
    0.12662820518016815,
    0.1443604826927185,
    0.14706243574619293,
    0.1431025117635727,
    0.13758502900600433,
    0.1527208685874939
  ],
  "var": [
    0.20032131671905518,
    0.1996344029903412,
    0.20015528798103333,
    0.20007100701332092,
    0.20021510124206543,
    0.1997612714767456,
    0.199934184551239,
    0.19968785345554352,
    0.19993314146995544
  ],
  "cov": [
    9.7707697932492e-07,
    1.0042635949503165e-06,
    9.89188379207917e-07,
    9.900894610836986e-07,
    1.0092825277752127e-06,
    1.0469949529579026e-06,
    1.012129246191762e-06,
    1.0603425835142843e-06,
    1.0262709793096292e-06
  ],
  "samples_seen_start": 128160,
  "best_knn": 0.08820000290870667,
  "checkpoint": "/Users/vladislavkalinichenko/VSCodeProjects/BionicEye/representation/current/checkpoints/ijeja_best_knn.pt"
}