{
  "mdn": 13.95999938249588,
  "autoregressive": 11.919999867677689,
  "baseline": 9.839999675750732
}